question,answer,category,tags
"环氧磨石地坪适合什么场景？有什么优势？","环氧磨石那可是地坪里的劳斯莱斯！适合高端商场、星级酒店大堂、品牌旗舰展厅、科技园区这类既要颜值又要品质的地方。它最大的优势是无缝大面积铺装、图案颜色可以任意定制（做个公司Logo进去都没问题），而且亮度高、耐磨耐刮。不过造价确实不低，具体要看你选的骨料和图案复杂度，让勘测组小黄（18606859158）去现场看看出个方案最靠谱。","环氧磨石","环氧磨石;高端;无缝;定制图案"
"环氧磨石和普通水磨石有什么区别？","主要有三点：一是材料，环氧磨石用环氧树脂作胶粘剂，普通水磨石是水泥基；二是颜值，环氧磨石可以任意调色和镶嵌图案，普通水磨石颜色比较单一；三是性能，环氧磨石不渗油、不泛碱、不起尘。当然价格也比普通水磨石贵一档。你要是做商业项目，追求品质和颜值，选环氧磨石准没错。预约免费打样找小黄18606859158。","环氧磨石","环氧磨石;水磨石;区别;对比"
"环氧磨石施工工期要多久？","环氧磨石工艺比普通地坪复杂，标准工序包括：基层处理→环氧底涂→摊铺骨料→粗磨→补浆→细磨→抛光→罩面。一般2000㎡左右的展厅从进场到交付大概20-30天，具体看图案复杂度和面积。急着开业的咱们可以加人加班抢工期。先让小黄18606859158过来勘测一下基础情况，给你排个确切的工期表。","环氧磨石","环氧磨石;工期;施工工艺"
"环氧磨石地坪包工包料多少钱一平方？","环氧磨石价格跟选的骨料品种（天然彩石、贝壳、玻璃颗粒等）、图案复杂度、面积大小关系很大。简单纯色的五六百一平能下来，复杂的定制图案上千块都有可能。这个没法一口价，得看你想要啥效果。让小黄18606859158带样品册去现场，你选好材料他当场就能给你算个明细报价。","环氧磨石","环氧磨石;价格;骨料;定制"
"环氧磨石能用多少年？日常怎么保养？","环氧磨石寿命15-20年以上没问题。保养其实很简单：日常清水拖地就行，每1-2年做一次结晶抛光，能一直保持亮丽如新。千万别用酸性清洁剂（会腐蚀表面光泽）。咱们施工完都会给你一份详细的养护手册。咨询热线18606859158。","环氧磨石","环氧磨石;寿命;保养;结晶抛光"
"你们做过环氧磨石的案例吗？能参观吗？","当然做过！嘉兴本地和长三角的商场、售楼处我们都做过不少。可以安排去参观已完工的项目，实地感受一下效果。你联系小黄18606859158，他负责安排参观和现场打样。","环氧磨石","环氧磨石;案例;参观;打样"
"地下车库地坪标准配置方案是什么样的？","现代地下车库地坪讲究分区配置：主车道做1-2mm环氧砂浆薄涂或者更好一点做环氧自流平，防滑耐磨；车位区做环氧薄涂（0.3-0.5mm），性价比高；坡道出入口一定要做无震动防滑坡道（黄黑相间那种），安全第一。另外墙面和柱面还要做分色标识漆。整套下来大概每平方25-60元不等，具体看配置和面积。找小黄18606859158来现场量一量，出个分区方案和详细清单。","停车场","地下车库;分区;环氧砂浆;止滑坡道;标准配置"
"地下车库无震动止滑坡道是怎么做的？","无震动防滑坡道是车库的标配安全设施。施工工艺：基层喷砂处理→环氧底涂→刮涂黄色抗压基层（3-5mm）→撒播防滑骨料→涂刷黑色止滑面层。成品是黄黑相间的条纹，防滑系数≥0.7，耐碾压、耐候、降噪。一般坡道面积不大，两三天就能完工。具体方案让小黄18606859158现场看坡道角度和长度给你定。","停车场","止滑坡道;无震动;防滑;坡道;工艺"
"地下车库地面划线怎么收费？","车库划线按种类收费：车位线约8-15元/米，导向箭头约20-35元/个，车位编号约5-10元/个，通道边线和中心线约6-10元/米。包工包料全含。用热熔标线涂料或者环氧划线漆都可以，室外用热熔更耐久。我们是做地坪带划线一站式服务，你省得找两家。报价找小黄18606859158。","停车场","车库划线;车位线;箭头;编号;价格"
"地下车库地坪做下来一平米大概多少钱？","车位区环氧薄涂约18-25元/㎡，主车道环氧砂浆约25-35元/㎡，坡道防滑坡道约80-120元/㎡，再加上划线和柱面漆，折算下来整体均价大概25-40元/㎡，取决于车位比和坡道面积。大项目我们价格还能再优惠。让小黄18606859158去现场测量出精准报价。","停车场","车库;单价;价格;整体造价"
"地下车库用什么颜色搭配好看？","现在主流配色：主车道用浅灰或中灰（耐脏显干净），车位用绿色或蓝色（区分明显），坡道黄黑经典搭配（警示醒目）。柱面防撞区域一般涂黄色或醒目的红白相间。当然颜色可以根据你们项目风格定制。小黄18606859158带色卡给你现场选。","停车场","车库;配色;颜色搭配;灰色;绿色"
"地下车库地坪施工会影响业主停车吗？","我们支持分区分段施工：先把A区围起来施工（2-3天养护），业主车辆停B区；A区交付后反过来施工B区。这样对业主的影响降到最小。地下车库通风条件不如地上，我们用无溶剂环氧材料，几乎没味道。具体施工排期让小黄18606859158现场踩点后给你安排。","停车场","分段施工;不停车;无溶剂;影响"
"地下车库做完环氧地坪多久能通车？","环氧薄涂24小时可走人，72小时可进私家车，完全固化通车需5-7天。如果急着用，我们可以在面涂里加促进剂缩短固化时间，不过费用会稍高一点。新做好的地坪前一个月尽量避免急刹急转。养护提醒我们在交付时会详细交代。咨询电话18606859158。","停车场","通车时间;固化;养护"
"我们是物流仓库，地面要平到什么程度才能走高位叉车？","物流仓库对平整度要求很高，特别是用高位窄巷道叉车（VNA）的，地面需要用激光整平机施工超平地坪。标准是3米靠尺误差不超过3mm（有的严苛客户要求2mm/3m）。不平的地面叉车晃得厉害，货架安全都是问题。超平地坪施工我们在行，找小黄18606859158带激光测平仪去现场检测。","耐磨地坪","物流仓库;超平地坪;激光整平;叉车;平整度"
"超平地坪怎么做？和普通地坪比贵多少？","超平地坪关键在设备——用大型激光整平机配合红外线标高控制，在混凝土初凝前一次性整平。相比普通人工摊铺，超平地坪每平方多15-25元的施工费，但换来的是一劳永逸的平整度，高位叉车跑起来稳如平地，长期看省了维修费。我们用的激光整平机是进口品牌，做出来的效果直接可以铺货架。勘测预约18606859158小黄。","耐磨地坪","超平地坪;激光整平机;红外线;价格"
"金刚砂耐磨地坪什么时候撒骨料最好？","这是个技术活！金刚砂骨料必须在混凝土初凝阶段撒布——脚踩上去下陷3-5mm、表面有浮水但不积水的时候。太早撒，骨料沉下去了，表面没硬度；太晚撒，骨料粘不住。我们一般分两次撒：先撒2/3一遍，用抹光机压进去，再撒剩下的1/3补匀。这个时机把握全凭老师傅的经验，也是品质的关键。施工找晨邦小黄团队18606859158。","耐磨地坪","金刚砂;骨料;撒布时机;混凝土;初凝"
"车间地面怎么做既耐磨又不起灰？","黄金组合：金刚砂耐磨地坪+混凝土密封固化剂。混凝土浇筑阶段撒金刚砂骨料→养护28天→研磨抛光→洒固化剂渗透反应→精细抛光。出来的地面硬度高（莫氏硬度7-8级）、密实不起尘、越用越亮，叉车碾几年都不会坏。特别适合汽配厂、机械加工车间、重型仓库。具体方案找小黄18606859158现场看工况。","耐磨地坪","金刚砂+固化;耐磨;不起尘;莫氏硬度"
"耐磨地坪做完地面反光刺眼怎么办？","车间地面不建议抛成高光，半哑光最实用：既防尘耐磨又不会晃眼。研磨时用400-800#树脂片就可以了。如果已经做了高光觉得刺眼，也可以补做一遍哑光罩面。我们施工前会跟你确认光泽度要求，打样时你看效果再定。免费打样找18606859158小黄。","耐磨地坪","光泽度;哑光;反光;车间"
"我们是重型机械厂，叉车经常掉铁块砸地面，什么地坪扛砸？","铁块砸地面对地坪是终极考验。推荐方案：9mm水性聚氨酯砂浆（弹性抗冲击，砸不裂）+ 表面撒金刚砂骨料增加硬度。聚乙烯醇地坪也有一定弹性，但耐化性不如聚氨酯。如果砸得特别狠，可以考虑在经常落锤区域额外铺橡胶垫。先让小黄18606859158去看看你们实际工况，对症下药。","耐磨地坪","重载;抗冲击;铁块;聚氨酯砂浆;金刚砂"
"物流仓库地坪做下来多少钱一平方？","仓库地坪要看配置：普通金刚砂耐磨地坪约15-22元/㎡，超平地坪加激光整平约加15-25元/㎡，再做固化抛光约加8-12元/㎡。整体一个中等配置的物流仓库地坪大约40-60元/㎡（不含混凝土）。面积越大单价越低。小黄18606859158去现场量完了给你做详细方案和清单。","耐磨地坪","物流仓库;金刚砂;超平;价格;报价"
"化工厂地面被盐酸腐蚀了怎么修复？","化工腐蚀地面修复方案：先把被腐蚀松散的砂浆层全部凿除→高压水冲洗中和酸性残留→环氧底涂封闭→刮涂乙烯基酯树脂砂浆找平→玻璃纤维布（三布五油）加强→乙烯基面涂封闭。做完以后耐强酸强碱、耐溶剂，质保5年以上。当然具体看腐蚀程度和介质，让勘测组小黄18606859158现场取样检测后出方案。","防腐地坪","化工厂;盐酸;腐蚀;修复;乙烯基酯"
"乙烯基酯防腐地坪的'三布五油'是什么意思？","三布五油是防腐地坪的专业术语。三布指三层玻璃纤维布（增强层），五油指五道树脂涂层：底油→腻子油→贴第一层布→刷第二道油→贴第二层布→刷第三道油→贴第三层布→刷第四道油→面油（第五道）。根据腐蚀等级还可以升级为五布七油甚至七布九油。层数越多防腐能力越强，价格也越高。具体选几布几油，让小黄18606859158看你们厂里的介质浓度来定。","防腐地坪","乙烯基酯;三布五油;玻璃钢;防腐等级"
"电镀厂车间地面怎么做防腐？","电镀厂地面同时面临强酸（硫酸、盐酸、铬酸）和强碱（氢氧化钠）以及重金属溶液的侵蚀，必须做重防腐。推荐方案：环氧底涂→乙烯基酯树脂腻子→玻璃钢增强层（至少三布五油）→乙烯基面涂→防滑石英砂抛撒。注意电镀槽周边要做围堰和导流沟，防止镀液外溢。联系小黄18606859158去现场看工艺布局。","防腐地坪","电镀厂;强酸;强碱;重金属;围堰"
"污水处理池内壁用什么防腐材料？","污水处理池防腐比地面要求更高，因为有长期浸泡。推荐用环氧煤沥青或乙烯基酯树脂做池内壁防腐，搭配玻璃纤维布增强。池底同时做防腐+防渗处理。施工前池体要先干燥，含水率控制在6%以下。这种活比较专业，建议让小黄18606859158到场看看污水处理工艺和介质成分再定方案。","防腐地坪","污水处理;水池;防腐;防渗;浸泡"
"乙烯基酯防腐和环氧防腐有什么区别？","乙烯基酯比环氧耐腐蚀等级高一个档次：环氧耐一般的酸碱（浓度<30%），酚类和强氧化性酸扛不住；乙烯基酯能耐绝大多数强酸强碱和有机溶剂（浓度可达70%以上）。价格上乙烯基酯大概是环氧的2-3倍。简单说：普通工厂选环氧防腐就够，化工厂、电镀厂、制药厂选乙烯基酯。不确定该选哪种？小黄18606859158免费帮你评估。","防腐地坪","乙烯基酯;环氧;对比;耐腐蚀;浓度"
"海绵城市透水地坪有什么用？能走车吗？","透水地坪是海绵城市的标配！它的孔隙率15%-25%，雨水能直接渗透到地下补充地下水，不积水不反光。承载能力分等级：人行步道级（C20-C25）适合公园景区，轻型车道级（C30）能走小汽车。注意需要配合透水基层（级配碎石），不能直接铺在死水泥上。承载力要求高的我们推荐透水胶黏石或透水混凝土+钢纤维加强。做不做承载力测试？打18606859158找小黄。","透水地坪","海绵城市;透水;孔隙率;承载力;公园"
"透水胶黏石地坪适合做在什么地方？多少钱？","透水胶黏石是用环氧或聚氨酯胶把天然彩石粘在一起，孔隙漂亮，透水效果极好，特别适合高档别墅庭院、景区栈道、公园广场。颜色可以选米黄、灰色、黑色等天然石本色。包工包料大概80-150元/㎡，比普通透水混凝土贵但颜值高太多。这种工艺讲究胶水配比和石子级配，找我们做质量有保证。免费打样18606859158小黄。","透水地坪","胶黏石;透水;庭院;景区;价格"
"透水地坪时间长了会堵住吗？怎么维护？","确实会！透水地坪用久了，灰尘和泥沙会把孔隙堵住，透水率下降。维护方法很简单：每半年到一年用高压水枪（配合吸尘车更好）冲洗一遍就行，透水率能恢复到80%以上。北方地区入冬前务必彻底冲洗排水，防止冻胀破坏。我们交付时会给你维护手册，后续也可以签年度维保协议。咨询18606859158。","透水地坪","堵塞;维护;高压水枪;透水率"
"艺术压模地坪能做出什么效果？耐用吗？","艺术压模地坪就是在还没干的混凝土表面用模具压出纹理（仿石材、仿木纹、仿砖），再上色封闭。效果逼真，比真石材便宜一半以上，特别适合商业街区、广场、小区园路。表面用密封固化剂处理后，10-15年不褪色不开裂。颜色和纹理选择上百种。拿不准选哪种风格？小黄18606859158带样品册现场你挑。","透水地坪","艺术压模;压模地坪;纹理;仿石材;户外"
"透水地坪和艺术压模能结合吗？","可以！在一些高端文旅项目里我们做过：基层做透水混凝土满足海绵城市要求，面层做艺术压模装饰。但要注意透水率会有所下降（因为压模封闭了部分孔隙）。建议人行区域可以这样做，车道区域还是纯透水更稳妥。让你的设计师跟我们技术碰一下方案，18606859158约小黄。","透水地坪","透水+压模;文旅;组合方案"
"地下车库防滑坡道怎么做？怎么预约打样？","无震动防滑坡道是地下车库安全标配。做法：基层喷砂→环氧底涂→刮3-5mm抗压层→均匀抛撒防滑骨料→涂刷环氧面层。成品黄黑相间，防滑系数>0.7，车轮压上去不打滑还有轻微阻尼感。预约打样很简单，直接拨18606859158找勘测组小黄，他带防滑坡道样品去车库现场打一块给你看效果，免费的。","停车场","防滑坡道;预约;打样;小黄;无震动"
"小黄是谁？怎么联系他？","小黄是我们嘉兴晨邦装饰工程有限公司现场勘测技术组的负责人，专门负责去客户现场免费勘测基层平整度、测量面积、带样品现场打样，以及项目施工对接。他人实诚、干活仔细，长三角地区随叫随到。你打公司电话18606859158直接找小黄就行，预约免费勘测打样。","商务售后","小黄;勘测;打样;现场;预约"
"怎么预约免费上门勘测打样？多久能到现场？","预约勘测很简单！打18606859158找小黄，告诉他你的地址和项目类型，他会跟你确认时间。长三角地区（上海、杭州、苏州、宁波、嘉兴等）一般当天或第二天就能到，其他区域提前1-2天约。到现场后小黄会带样品和检测设备（激光测平仪、含水率仪、拉拔仪），免费检测基层状况和打样展示效果。勘测完了24小时内出方案和报价。","商务售后","预约;勘测;打样;小黄;长三角;免费"
